<?xml version="1.0" encoding="utf-8"?>
<unattend xmlns="urn:schemas-microsoft-com:unattend">
  <settings pass="generalize">
    <component name="Microsoft-Windows-PnpSysprep" processorArchitecture="amd64" publicKeyToken="31bf3856ad364e35" language="neutral" versionScope="nonSxS" xmlns:wcm="http://schemas.microsoft.com/WMIConfig/2002/State" xmlns:xsi="http://www.w3.org/2001/XMLSchema-instance">
      <DoNotCleanUpNonPresentDevices>true</DoNotCleanUpNonPresentDevices>
      <PersistAllDeviceInstalls>true</PersistAllDeviceInstalls>
    </component>
  </settings>
  <settings pass="specialize">
    <component name="Microsoft-Windows-Shell-Setup" processorArchitecture="amd64" publicKeyToken="31bf3856ad364e35" language="neutral" versionScope="nonSxS" xmlns:wcm="http://schemas.microsoft.com/WMIConfig/2002/State" xmlns:xsi="http://www.w3.org/2001/XMLSchema-instance">
      <ComputerName>*</ComputerName>
      <CopyProfile>true</CopyProfile>
      <RegisteredOrganization>Amazon</RegisteredOrganization>
      <TimeZone>UTC</TimeZone>
      <ProductKey>CB7KF-BWN84-R7R2Y-793K2-8XDDG</ProductKey>
    </component>
    <component name="Microsoft-Windows-Deployment" processorArchitecture="amd64" publicKeyToken="31bf3856ad364e35" language="neutral" versionScope="nonSxS" xmlns:wcm="http://schemas.microsoft.com/WMIConfig/2002/State" xmlns:xsi="http://www.w3.org/2001/XMLSchema-instance">
      <RunSynchronous>
        <RunSynchronousCommand wcm:action="add">
          <Order>1</Order>
          <Path></Path>
        </RunSynchronousCommand>
        <RunSynchronousCommand wcm:action="add">
          <Order>2</Order>
          <Path>"C:\ProgramData\Amazon\EC2-Windows\Launch\Sysprep\SysprepSpecialize.cmd"</Path>
        </RunSynchronousCommand>
      </RunSynchronous>
    </component>
    <component name="Microsoft-Windows-ServerManager-SvrMgrNc" processorArchitecture="amd64" publicKeyToken="31bf3856ad364e35" language="neutral" versionScope="nonSxS" xmlns:wcm="http://schemas.microsoft.com/WMIConfig/2002/State" xmlns:xsi="http://www.w3.org/2001/XMLSchema-instance">
      <DoNotOpenServerManagerAtLogon>true</DoNotOpenServerManagerAtLogon>
    </component>
    <component name="Microsoft-Windows-TerminalServices-LocalSessionManager" processorArchitecture="amd64" publicKeyToken="31bf3856ad364e35" language="neutral" versionScope="nonSxS" xmlns:wcm="http://schemas.microsoft.com/WMIConfig/2002/State" xmlns:xsi="http://www.w3.org/2001/XMLSchema-instance">
      <fDenyTSConnections>false</fDenyTSConnections>
    </component>
    <component name="Networking-MPSSVC-Svc" processorArchitecture="amd64" publicKeyToken="31bf3856ad364e35" language="neutral" versionScope="nonSxS" xmlns:wcm="http://schemas.microsoft.com/WMIConfig/2002/State" xmlns:xsi="http://www.w3.org/2001/XMLSchema-instance">
      <FirewallGroups>
        <FirewallGroup wcm:action="add" wcm:keyValue="RemoteDesktop">
          <Active>true</Active>
          <Group>Remote Desktop</Group>
          <Profile>all</Profile>
        </FirewallGroup>
      </FirewallGroups>
    </component>
    <component name="Security-Malware-Windows-Defender" processorArchitecture="amd64" publicKeyToken="31bf3856ad364e35" language="neutral" versionScope="nonSxS" xmlns:wcm="http://schemas.microsoft.com/WMIConfig/2002/State" xmlns:xsi="http://www.w3.org/2001/XMLSchema-instance">
      <TrustedImageIdentifier>06d8c107-68c2-4ab9-8e56-30d2c0f81c0e</TrustedImageIdentifier>
    </component>
  </settings>
  <settings pass="oobeSystem">
    <component name="Microsoft-Windows-International-Core" processorArchitecture="amd64" publicKeyToken="31bf3856ad364e35" language="neutral" versionScope="nonSxS" xmlns:wcm="http://schemas.microsoft.com/WMIConfig/2002/State" xmlns:xsi="http://www.w3.org/2001/XMLSchema-instance">
      <InputLocale></InputLocale>
      <SystemLocale></SystemLocale>
      <UILanguage></UILanguage>
      <UserLocale></UserLocale>
    </component>
    <component name="Microsoft-Windows-Shell-Setup" processorArchitecture="amd64" publicKeyToken="31bf3856ad364e35" language="neutral" versionScope="nonSxS" xmlns:wcm="http://schemas.microsoft.com/WMIConfig/2002/State" xmlns:xsi="http://www.w3.org/2001/XMLSchema-instance">
      <OOBE>
        <HideEULAPage>true</HideEULAPage>
        <ProtectYourPC>3</ProtectYourPC>
        <HideWirelessSetupInOOBE>true</HideWirelessSetupInOOBE>
      </OOBE>
      <BluetoothTaskbarIconEnabled>false</BluetoothTaskbarIconEnabled>
      <TimeZone>UTC</TimeZone>
      <RegisteredOrganization>Amazon.com</RegisteredOrganization>
      <RegisteredOwner>EC2</RegisteredOwner>
    </component>
    <component name="Security-Malware-Windows-Defender" processorArchitecture="amd64" publicKeyToken="31bf3856ad364e35" language="neutral" versionScope="nonSxS" xmlns:wcm="http://schemas.microsoft.com/WMIConfig/2002/State" xmlns:xsi="http://www.w3.org/2001/XMLSchema-instance">
      <TrustedImageIdentifier>06d8c107-68c2-4ab9-8e56-30d2c0f81c0e</TrustedImageIdentifier>
    </component>
  </settings>
  <cpi:offlineImage cpi:source="wim:d:/OS/Common/WIMS/RTM/English/install.wim#Windows Server 2016 SERVERDATACENTER" xmlns:cpi="urn:schemas-microsoft-com:cpi" />
</unattend>
